[
  {
    "op": "replace",
    "path": "/attackpowerbytype/blade-blackguard",
    "value": 4.5,
    "file": "itemtypes/tool/blade.json"
  },
  {
    "op": "replace",
    "path": "/attackpowerbytype/blade-forlorn",
    "value": 4.75,
    "file": "itemtypes/tool/blade.json"
  },
  {
    "op": "replace",
    "path": "/durabilitybytype/blade-blackguard",
    "value": 2250,
    "file": "itemtypes/tool/blade.json"
  },
  {
    "op": "replace",
    "path": "/durabilitybytype/blade-forlorn",
    "value": 1850,
    "file": "itemtypes/tool/blade.json"
  },
  {
    "op": "replace",
    "path": "/miningspeedbytype/blade-blackguard/leaves",
    "value": 4,
    "file": "itemtypes/tool/blade.json"
  },
  {
    "op": "replace",
    "path": "/miningspeedbytype/blade-blackguard/wood",
    "value": 3.5,
    "file": "itemtypes/tool/blade.json"
  },
  {
    "op": "replace",
    "path": "/miningspeedbytype/blade-forlorn/leaves",
    "value": 4,
    "file": "itemtypes/tool/blade.json"
  },
  {
    "op": "replace",
    "path": "/miningspeedbytype/blade-forlorn/wood",
    "value": 3.5,
    "file": "itemtypes/tool/blade.json"
  },
  {
    "op": "replace",
    "path": "/tooltierbytype/*-blackguard",
    "value": 5,
    "file": "itemtypes/tool/blade.json"
  },
  {
    "op": "replace",
    "path": "/tooltierbytype/*-forlorn",
    "value": 5,
    "file": "itemtypes/tool/blade.json"
  }
]