[
	{
		"code": "commoner",
		"traits": [],
		"gear": [
			{ "type": "item", "code": "clothes-upperbody-commoner-shirt" },
			{ "type": "item", "code": "clothes-upperbodyover-commoner-coat" },
			{ "type": "item", "code": "clothes-lowerbody-commoner-trousers" },
			{ "type": "item", "code": "clothes-foot-commoner-boots" },
			{ "type": "item", "code": "clothes-hand-commoner-gloves" }
		]
	},
	{
		"code": "hunter",
		"traits": ["focused", "resourceful", "bowyer", "forager", "furtive", "farsighted", "fragile", "sluggish", "hungry"],
		"gear": [
			{ "type": "item", "code": "clothes-head-hunter-cape" },
			{ "type": "item", "code": "clothes-shoulder-hunter-poncho" },
			{ "type": "item", "code": "clothes-upperbody-hunter-shirt" },
			{ "type": "item", "code": "clothes-upperbodyover-hunter-coat" },
			{ "type": "item", "code": "clothes-lowerbody-hunter-leggings" },
			{ "type": "item", "code": "clothes-foot-hunter-boots" },
			{ "type": "item", "code": "clothes-face-hunter-mask" },
			{ "type": "item", "code": "clothes-hand-hunter-gloves" }
		]
	},
	{
		"code": "malefactor",
		"traits": [ "improviser", "sneaky", "quick", "fasting", "scavenger", "pilferer", "nervous", "confined", "brittle", "sluggish"],
		"gear": [
			{ "type": "item", "code": "clothes-upperbody-malefactor-shirt" },
			{ "type": "item", "code": "clothes-upperbodyover-malefactor-tunic" },
			{ "type": "item", "code": "clothes-shoulder-malefactor-cloak" },
			{ "type": "item", "code": "clothes-lowerbody-malefactor-trousers" },
			{ "type": "item", "code": "clothes-foot-malefactor-boots" },
			{ "type": "item", "code": "clothes-emblem-malefactor-pendant" },
			{ "type": "item", "code": "clothes-face-malefactor-mask" },
			{ "type": "item", "code": "clothes-hand-malefactor-gloves" },
			{ "type": "item", "code": "clothes-waist-malefactor-sash" }
		]
	},
	{
		"code": "clockmaker",
		"traits": [ "override", "technical", "crafty", "fleetfooted", "gearhead", "tinkerer", "clumsy", "squeamish", "fragile", "inaccurate" ],
		"gear": [
			{ "type": "item", "code": "clothes-shoulder-clockmaker-apron" },
			{ "type": "item", "code": "clothes-upperbody-clockmaker-shirt" },
			{ "type": "item", "code": "clothes-upperbodyover-clockmaker-tunic" },
			{ "type": "item", "code": "clothes-lowerbody-clockmaker-pants" },
			{ "type": "item", "code": "clothes-foot-clockmaker-shoes" },
			{ "type": "item", "code": "clothes-hand-clockmaker-wristguard" },
			{ "type": "item", "code": "clothes-waist-clockmaker-belt" }
		]
	},
	{
		"code": "blackguard",
		"traits": ["soldier", "hardy", "healer", "merciless", "blackguard", "ravenous", "heavyhanded", "inaccurate", "heavyfooted"],
		"gear": [
			{ "type": "item", "code": "clothes-upperbody-blackguard-shirt" },
			{ "type": "item", "code": "clothes-lowerbody-blackguard-leggings" },
			{ "type": "item", "code": "clothes-foot-blackguard-shoes" },
			{ "type": "item", "code": "clothes-emblem-blackguard-pin" },
			{ "type": "item", "code": "clothes-waist-blackguard-belt" }
		]
	},
		{
		"code": "vanguard",
		"traits": ["vanguard", "precise", "technical", "forlornhope", "unwell", "corrupted", "heavyfooted", "starving"],
		"gear": [
			{ "type": "item", "code": "clothes-shoulder-forlorn-sash" },
			{ "type": "item", "code": "clothes-upperbody-forlorn-tunic" },
			{ "type": "item", "code": "clothes-lowerbody-forlorn-pants" },
			{ "type": "item", "code": "clothes-foot-forlorn-shoes" },
			{ "type": "item", "code": "clothes-neck-forlorn-talisman" },
			{ "type": "item", "code": "clothes-face-forlorn-veil" },
			{ "type": "item", "code": "clothes-hand-forlorn-bracer" },
			{ "type": "item", "code": "clothes-waist-forlorn-belt" }
		]
	},
	{
		"code": "miner",
		"traits": ["miner", "fasting", "prospector", "thrifty", "heavyhanded", "exhausted", "weak"],
		"gear": [
			{ "type": "item", "code": "clothes-upperbody-great-steppe-shirt" },
			{ "type": "item", "code": "clothes-upperbodyover-clockmaker-tunic" },
			{ "type": "item", "code": "clothes-lowerbody-workmans-gown" },
			{ "type": "item", "code": "clothes-foot-worn-leather-boots" },
			{ "type": "item", "code": "clothes-hand-hunter-gloves" },
			{ "type": "item", "code": "clothes-waist-blackguard-belt" },
			{ "type": "item", "code": "moreclasses:clothes-head-mininghat" },
			{ "type": "item", "code": "moreclasses:clothes-face-plaugemask" }
		]
	},
	{
		"code": "farmer",
		"traits": [ "farmer", "butcher", "forager2", "rugged", "fleetfooted", "greenthumb", "clumsy", "nervous", "inaccurate", "careless", "hungry" ],
		"gear": [
			{ "type": "item", "code": "moreclasses:clothes-head-farm-hat" },
			{ "type": "item", "code": "clothes-upperbody-commoner-shirt" },
			{ "type": "item", "code": "clothes-upperbodyover-clockmaker-tunic" },
			{ "type": "item", "code": "clothes-lowerbody-workmans-gown" },
			{ "type": "item", "code": "clothes-foot-worn-leather-boots" },
			{ "type": "item", "code": "clothes-hand-heavy-leather-gloves" },
			{ "type": "item", "code": "clothes-waist-linen-rope" }
		]
	},
	{
		"code": "lumberjack",
		"traits": [ "hardy2", "forager", "lumberjack", "planter", "sower", "gentle", "carpenter", "squeamish", "inaccurate", "clumsy", "careless2"],
		"gear": [
			{ "type": "item", "code": "moreclasses:clothes-head-toque" },
			{ "type": "item", "code": "moreclasses:clothes-upperbody-lumberjack-shirt" },
			{ "type": "item", "code": "clothes-lowerbody-commoner-trousers" },
			{ "type": "item", "code": "clothes-foot-metalcap-boots" },
			{ "type": "item", "code": "clothes-neck-acorn-amulet" },
			{ "type": "item", "code": "clothes-hand-hunter-gloves" },
			{ "type": "item", "code": "clothes-waist-peasant-strap" }
		]
	},
	{
		"code": "blacksmith",
		"traits": [ "rockhound", "defender", "burner", "smith", "mason", "heavyhanded", "squeamish", "unwell", "heavyfooted", "fragile"],
		"gear": [
			{ "type": "item", "code": "clothes-shoulder-blacksmith-apron" },
			{ "type": "item", "code": "clothes-upperbodyover-clockmaker-tunic" },
			{ "type": "item", "code": "clothes-lowerbody-raw-hide-trousers" },
			{ "type": "item", "code": "clothes-foot-soldier-boots" },
			{ "type": "item", "code": "clothes-hand-heavy-leather-gloves" },
			{ "type": "item", "code": "clothes-waist-sturdy-leather-belt" }
		]
	}
]