[
	{
		"code": "focused",
		"type": "positive",
		"attributes": {
			"rangedWeaponsDamage": 0.5,
			"bowDrawingStrength": 0.5,
			"rangedWeaponsSpeed": 0.15,
			"rangedWeaponsAcc": 1
		}
	},
	{
		"code": "quick",
		"type": "positive",
		"attributes": {
			"rangedWeaponsSpeed": 0.1
		}
	},
	{
		"code": "resourceful",
		"type": "positive",
		"attributes": {
			"animalLootDropRate": 0.5,
			"animalHarvestingSpeed": -0.75
		}
	},
	{
		"code": "butcher",
		"type": "positive",
		"attributes": {
			"animalLootDropRate": 0.25,
			"animalHarvestingSpeed": -0.5
		}
	},
	{
		"code": "scavenger",
		"type": "positive",
		"attributes": {
			"animalLootDropRate": 0.15,
			"animalHarvestingSpeed": -0.25,
			"wildCropDropRate": 0.2,
			"forageDropRate": 0.3
		}
	},
	{
		"code": "fleetfooted",
		"type": "positive",
		"attributes": {
			"walkspeed": 0.1
		}
	},
	{
		"code": "forager",
		"type": "positive",
		"attributes": {
			"wildCropDropRate": 0.25,
			"forageDropRate": 0.5
		}
	},
	{
		"code": "forager2",
		"type": "positive",
		"attributes": {
			"wildCropDropRate": 0.5,
			"forageDropRate": 0.25
		}
	},
	{
		"code": "pilferer",
		"type": "positive",
		"attributes": {
			"vesselContentsDropRate": 0.35,
			"rustyGearDropRate": 2,
			"wholeVesselLootChance": 0.25
		}
	},
	{
		"code": "furtive",
		"type": "positive",
		"attributes": {
			"animalSeekingRange": -0.25
		}
	},
	{
		"code": "override",
		"type": "positive",
		"attributes": {
			"mechanicalsDamageMul": 0.5
		}
	},
	{
		"code": "precise",
		"type": "positive",
		"attributes": {
			"mechanicalsDamageMul": 0.25
		}
	},
	{
		"code": "technical",
		"type": "positive",
		"attributes": {
			"temporalGearTLRepairCost": -1
		}
	},
	{
		"code": "soldier",
		"type": "positive",
		"attributes": {
			"meleeWeaponsDamage": 0.5,
			"armorDurabilityLoss": -0.25,
			"armorWalkSpeedAffectedness": -0.25
		}
	},
	{
		"code": "vanguard",
		"type": "positive",
		"attributes": {
			"meleeWeaponsDamage": 0.25,
			"armorDurabilityLoss": -0.5,
			"armorWalkSpeedAffectedness": -0.5
		}
	},
	{
		"code": "keen",
		"type": "positive",
		"attributes": {
			"meleeWeaponsDamage": 0.25
		}
	},
	{
		"code": "defender",
		"type": "positive",
		"attributes": {
			"meleeWeaponsDamage": 0.1,
			"armorDurabilityLoss": -0.2,
			"armorWalkSpeedAffectedness": -0.2,
			"hungerrate": -0.2
		}
	},
	{
		"code": "hardy",
		"type": "positive",
		"attributes": {
			"miningSpeedMul": 0.25,
			"maxhealthExtraPoints": 5
		}
	},
	{
		"code": "hardy2",
		"type": "positive",
		"attributes": {
			"miningSpeedMul": 0.25,
			"maxhealthExtraPoints": 5,
			"walkspeed": 0.15
		}
	},
	{
		"code": "evasive",
		"type": "positive",
		"attributes": {
			"walkspeed": 0.15
		}
	},
	{
		"code": "sneaky",
		"type": "positive",
		"attributes": {
			"animalSeekingRange": -0.6,
			"walkspeed": 0.15
		}
	},
	{
		"code": "rugged",
		"type": "positive",
		"attributes": {
			"maxhealthExtraPoints": 5
		}
	},
	{
		"code": "productive",
		"type": "positive",
		"attributes": {
			"wildCropDropRate": 0.25
		}
	},
	{
		"code": "miner",
		"type": "positive",
		"attributes": {
			"oreDropRate": 0.4,
			"miningSpeedMul": 1
		}
	},
	{
		"code": "rockhound",
		"type": "positive",
		"attributes": {
			"oreDropRate": 0.15,
			"miningSpeedMul": 0.5
		}
	},
	{
		"code": "thorough",
		"type": "positive",
		"attributes": {
			"vesselContentsDropRate": 0.15,
			"rustyGearDropRate": 0.1
		}
	},
	{
		"code": "gearhead",
		"type": "positive",
		"attributes": {
			"rustyGearDropRate": 2,
			"temporalGearDropRate": 2
		}
	},
	{
		"code": "skilled",
		"type": "positive",
		"attributes": {
			"forageDropRate": 0.5,
			"wildCropDropRate": 0.5
		}
	},
	{
		"code": "wrecker",
		"type": "positive",
		"attributes": {
			"mechanicalsDamageMul": 0.15
		}
	},
	{
		"code": "archer",
		"type": "positive",
		"attributes": {
			"rangedWeaponsDamage": 0.75,
			"rangedWeaponsAcc": 0.25,
			"bowDrawingStrength": 0.25,
			"rangedWeaponsSpeed": 0.25
		}
	},
	{
		"code": "fasting",
		"type": "positive",
		"attributes": {
			"hungerrate": -0.2
		}
	},
	{
		"code": "fasting2",
		"type": "positive",
		"attributes": {
			"hungerrate": -0.25
		}
	},
	{
		"code": "bulwark",
		"type": "positive",
		"attributes": {
			"armorDurabilityLoss": -0.5
		}
	},
	{
		"code": "healer",
		"type": "positive",
		"attributes": {
			"healingeffectivness": 0.25
		}
	},
	{
		"code": "unwell",
		"type": "negative",
		"attributes": {
			"healingeffectivness": -0.25
		}
	},
	{
		"code": "heavyfooted",
		"type": "negative",
		"attributes": {
			"animalSeekingRange": 0.2
		}
	},
	{
		"code": "farsighted",
		"type": "negative",
		"attributes": {
			"meleeWeaponsDamage": -0.2,
			"oreDropRate": -0.1
		}
	},
	{
		"code": "frail",
		"type": "negative",
		"attributes": {
			"maxhealthExtraPoints": -2.5,
			"bowDrawingStrength": -0.25
		}
	},
	{
		"code": "exhausted",
		"type": "negative",
		"attributes": {
			"rangedWeaponsDamage": -0.35,
			"bowDrawingStrength": -0.35,
			"rangedWeaponsAcc": -0.02,
			"rangedWeaponsSpeed": -0.3
		}
	},
	{
		"code": "nervous",
		"type": "negative",
		"attributes": {
			"meleeWeaponsDamage": -0.2
		}
	},
	{
		"code": "ranged",
		"type": "negative",
		"attributes": {
			"meleeWeaponsDamage": -0.5
		}
	},
	{
		"code": "ravenous",
		"type": "negative",
		"attributes": {
			"hungerrate": 0.25
		}
	},
	{
		"code": "nearsighted",
		"type": "negative",
		"attributes": {
			"rangedWeaponsDamage": -0.25
		}
	},
	{
		"code": "heavyhanded",
		"type": "negative",
		"attributes": {
			"vesselContentsDropRate": -0.2,
			"forageDropRate": -0.2,
			"wildCropDropRate": -0.2
		}
	},
	{
		"code": "brittle",
		"type": "negative",
		"attributes": {
			"maxhealthExtraPoints": -7.5,
			"bowDrawingStrength": -0.25
		}
	},
	{
		"code": "weak",
		"type": "negative",
		"attributes": {
			"maxhealthExtraPoints": -5
		}
	},
	{
		"code": "corrupted",
		"type": "negative",
		"attributes": {
			"maxhealthExtraPoints": -3.5
		}
	},
	{
		"code": "fragile",
		"type": "negative",
		"attributes": {
			"maxhealthExtraPoints": -2.5
		}
	},
	{
		"code": "hungry",
		"type": "negative",
		"attributes": {
			"hungerrate": 0.1
		}
	},
	{
		"code": "starving",
		"type": "negative",
		"attributes": {
			"hungerrate": 0.15
		}
	},
	{
		"code": "sluggish",
		"type": "negative",
		"attributes": {
			"miningSpeedMul": -0.25
		}
	},
	{
		"code": "clumsy",
		"type": "negative",
		"attributes": {
			"armorDurabilityLoss": 0.25
		}
	},
	{
		"code": "confined",
		"type": "negative",
		"attributes": {
			"armorDurabilityLoss": 0.5
		}
	},
	{
		"code": "largeframe",
		"type": "negative",
		"attributes": {
			"walkspeed": -0.1
		}
	},
	{
		"code": "careless",
		"type": "negative",
		"attributes": {
			"oreDropRate": -0.2
		}
	},
	{
		"code": "careless2",
		"type": "negative",
		"attributes": {
			"oreDropRate": -0.1
		}
	},
	{
		"code": "squeamish",
		"type": "negative",
		"attributes": {
			"animalLootDropRate": -0.25,
			"animalHarvestingSpeed": 0.1
		}
	},
	{
		"code": "inaccurate",
		"type": "negative",
		"attributes": {
			"rangedWeaponsDamage": -0.25,
			"rangedWeaponsAcc": -0.02,
			"bowDrawingStrength": -0.25,
			"rangedWeaponsSpeed": -0.15
		}
	},
	{
		"code": "mender",
		"type": "positive",
		"attributes": {
			"armorDurabilityLoss": -0.25
		}
	},
	{
		"code": "kind",
		"type": "negative",
		"attributes": {
			"animalLootDropRate": -0.25,
			"animalHarvestingTime": 0.15
		}
	},
	{
		"code": "civil",
		"type": "negative",
		"attributes": {
			"forageDropRate": -0.15,
			"wildCropDropRate": -0.15
		}
	},
	{
		"code": "burner",
		"type": "positive",
		"attributes": {
			"charcoalPileDropRate": 0.35
		}
	},
	{
		"code": "lumberjack",
		"type": "positive",
		"attributes": {
			"woodDropRate": 0.10
		}
	},
	{
		"code": "planter",
		"type": "positive",
		"attributes": {
			"fruittreeDropRate": 1
		}
	},
	{
		"code": "sower",
		"type": "positive",
		"attributes": {
			"treeseedDropRate": 2
		}
	},
	{
		"code": "gentle",
		"type": "positive",
		"attributes": {
			"stickDropRate": 0.5
		}
	},

	{
		"code": "farmer",
		"type": "positive",
		"attributes": {
			"produceDropRate": 0.3
		}
	},

	{
		"code": "clothier",
		"type": "positive",
		"attributes": {}
	},
	{
		"code": "merciless",
		"type": "positive",
		"attributes": {}
	},
	{
		"code": "thrifty",
		"type": "positive",
		"attributes": {}
	},
	{
		"code": "crafty",
		"type": "positive",
		"attributes": {}
	},
	{
		"code": "greenthumb",
		"type": "positive",
		"attributes": {}
	},
	{
		"code": "forlornhope",
		"type": "positive",
		"attributes": {}
	},
	{
		"code": "blackguard",
		"type": "positive",
		"attributes": {}
	},
	{
		"code": "bowyer",
		"type": "positive",
		"attributes": {}
	},
	{
		"code": "prospector",
		"type": "positive",
		"attributes": {}
	},
	{
		"code": "carpenter",
		"type": "positive",
		"attributes": {}
	},
	{
		"code": "mason",
		"type": "positive",
		"attributes": {}
	},
	{
		"code": "smith",
		"type": "positive",
		"attributes": {}
	},
	{
		"code": "improviser",
		"type": "positive",
		"attributes": {}
	},
	{
		"code": "tinkerer",
		"type": "positive",
		"attributes": {
		}
	}
]