{
	"code": "clothes",
	"class": "ItemWearable",
	"variantgroups": [
		{ "code": "category",  "states": ["face"] },
		{ "code": "face", "combine": "SelectiveMultiply", "onVariant": "category", "states": [
			"eliteplaugemask"
		] }
	],
	"shapeByType": { 
		"*": {
			"base": "entity/humanoid/eliteplaugemask" 
		}
	},
	"storageFlags": 128,
	"attributesByType": {
		"*": {
			"wearableAttachment": true,
			"disableElements": ["beard", "hideme"],
			"clothescategory": "face",
			"warmth": 0.25
		}
	},
	"texturesByType": {
		"*": {
			"seraph": { "base": "game:block/transparent" }
		}
	},
	"creativeinventory": { "general": ["*"], "items": ["*"], "clothing": ["*"] },
	"renderAlphaTest": 0.25,
	"guiTransformByType": {
		"*": {
			"rotation": { "x": 1, "y": -121, "z": -167 },
			"origin": { "x": 0.5, "y": 1.62, "z": 0.5 },
			"scale": 3.23
		}
	},
	"tpHandTransform": {
		"translation": { "x": -0.8, "y": -2.7, "z": -0.9 },
		"rotation": { "x": 51, "y": 149, "z": 42 },
		"origin": { "x": 0.5, "y": 1.5, "z": 0.5 },
		"scale": 0.55
	},
	"groundTransform": {
		"rotation": { "x": 0, "y": 0, "z": 0 },
		"origin": { "x": 0.5, "y": 1.5, "z": 0.5299 },
		"scale": 2.58
	},
	"fpHandTransform": {
		"translation": { "x": 0.08, "y": -0.21, "z": -0.5 },
		"rotation": { "x": 180, "y": 42, "z": -29 },
		"origin": { "x": 0.5, "y": 1, "z": 0.5 },
		"scale": 2.5
	}
}