{
	"code": "clothes",
	"class": "ItemWearable",
	"variantgroups": [
		{ "code": "category",  "states": ["head"] },
		{ "code": "head", "combine": "SelectiveMultiply", "onVariant": "category", "states": [
			"mininghat"
		] }
	],
	"shapeByType": { 
		"*": {
			"base": "entity/humanoid/minerhat"  
		}
	},
	"storageFlags": 128,
	"attributesByType": {
		"*": {
			"wearableAttachment": true,
			"disableElements": ["Ponytail1", "hideme"],
			"clothescategory": "head",
			"warmth": 1
		}
	},
	"texturesByType": {
		"*": {
			"seraph": { "base": "game:block/transparent" }
		}
	},
	"creativeinventory": { "general": ["*"], "items": ["*"], "clothing": ["*"] },
	"renderAlphaTest": 0.25,
	"fpHandTransformByType": {
		"*": {
			"translation": { "x": 0.6, "y": -1.6, "z": -0.5 },
			"rotation": { "x": 180, "y": -108, "z": -180 },
			"origin": { "x": 0.5, "y": 1.6, "z": 0.5 },
			"scale": 2.15
		}
	},
	"tpHandTransformByType": {
		"*": {
			"translation": { "x": -1, "y": -3, "z": -1 },
			"rotation": { "x": -13, "y": -80, "z": 29 },
			"origin": { "x": 0.5, "y": 1.5, "z": 0.5 },
			"scale": 0.55
		}
	},
	"guiTransform": {
		"translation": { "x": 0, "y": 0, "z": 19 },
		"rotation": { "x": 170, "y": -48, "z": 20 },
		"origin": { "x": 0.42, "y": 1.8, "z": 0.5 },
		"scale": 2.15
	},
	"groundTransformByType": {
		"*": {
			"translation": { "x": 0.05, "y": -0.3, "z": 0 },
			"rotation": { "x": 0, "y": 0, "z": 0 },
			"scale": 2
		}
	}
}