{
   "code":"tools-advanced",
   "behaviors": [{ "name": "GroundStorable", "properties": { "layout": "Quadrants" }}],
   "attributes": {
		"groundStorageTransform": {
			"translation": { "x": 0, "y": -0.25, "z": 0.05 }
		}
	},
   "shape":{
      "base":"item/advancedtools"
   },
   "creativeinventory":{
      "general":[
         "*"
      ],
      "items":[
         "*"
      ],
      "tools":[
         "*"
      ]
   },
   "maxstacksize":1,
   "durability":180,
   	"fpHandTransform": {
		"translation": { "x": 0.15, "y": -0.2, "z": 0 },
		"rotation": { "x": -180, "y": -130, "z": -180 },
		"scale": 2
	},
		"guiTransform": {
		"rotation": { "x": -20, "y": -19, "z": -180 },
		"origin": { "x": 0.6, "y": 0.5, "z": 0 },
		"scale": 2.9
	},
		"tpHandTransform": {
		"rotation": { "x": 0, "y": 84, "z": -1 },
		"origin": { "x": 0.5, "y": 2.7, "z": 1 },
		"scale": 0.72
	},
		"groundTransform": {
		"translation": { "x": 0, "y": 0, "z": 0 },
		"rotation": { "x": 0, "y": 0, "z": 0 },
		"origin": { "x": 0.5, "y": 0.5, "z": 0.5299 },
		"scale": 4.5
	}
}